Method,Thr,Recall,Prec,F1,TP,FP
Normal,0.99,0.0,0.0,0.0,0,0
Normal,0.5,0.0,0.0,0.0,0,0
BlockWhisper,0.99,0.0,0.0,0.0,0,0
BlockWhisper,0.5,0.64,0.9968847352024922,0.779537149817296,320,1
GraphShadow,0.99,0.0,0.0,0.0,0,0
GraphShadow,0.5,0.472,0.9516129032258065,0.6310160427807486,236,12
DDSAC,0.99,0.0,0.0,0.0,0,0
DDSAC,0.5,1.0,0.984251968503937,0.9920634920634921,500,8
GBCTD,0.99,0.468,1.0,0.6376021798365124,234,0
GBCTD,0.5,0.646,1.0,0.7849331713244229,323,0
